FAT_YEARMONTH,FAT_DAY,FAT_TIME,FATALITY_ID,EVENT_ID,FATALITY_TYPE,FATALITY_DATE,FATALITY_AGE,FATALITY_SEX,FATALITY_LOCATION,EVENT_YEARMONTH
200701,16,0,191,6370,"I","01/16/2007 00:00:00",74,"F","Vehicle/Towed Trailer",999999
200701,16,0,192,6370,"I","01/16/2007 00:00:00",51,"F","Vehicle/Towed Trailer",999999
200701,17,0,493,7276,"D","01/17/2007 00:00:00",51,"F","Outside/Open Areas",999999
200701,5,0,1848,7464,"I","01/05/2007 00:00:00",13,"M","Vehicle/Towed Trailer",999999
200701,5,0,1849,7464,"I","01/05/2007 00:00:00",56,"F","Vehicle/Towed Trailer",999999
200702,1,0,2020,7797,"D","02/01/2007 00:00:00",57,"M","Boating",999999
200701,9,0,290,8481,"D","01/09/2007 00:00:00",73,"M","Unknown",999999
200701,16,0,298,8884,"I","01/16/2007 00:00:00",41,"M","Vehicle/Towed Trailer",999999
200701,15,0,328,9278,"I","01/15/2007 00:00:00",31,"M","Vehicle/Towed Trailer",999999
200701,15,0,329,9278,"I","01/15/2007 00:00:00",26,"M","Vehicle/Towed Trailer",999999
200701,15,0,330,9278,"I","01/15/2007 00:00:00",25,"M","Vehicle/Towed Trailer",999999
200701,14,0,355,9608,"I","01/14/2007 00:00:00",22,"M","Outside/Open Areas",999999
200701,14,0,318,9642,"I","01/14/2007 00:00:00",21,"M","Vehicle/Towed Trailer",999999
200701,13,0,340,10028,"D","01/13/2007 00:00:00",36,"F","In Water",999999
200701,4,0,332,10258,"D","01/04/2007 00:00:00",53,"M","Vehicle/Towed Trailer",999999
200701,12,0,343,10300,"I","01/12/2007 00:00:00",16,"M","Vehicle/Towed Trailer",999999
200701,12,0,344,10300,"I","01/12/2007 00:00:00",81,"M","Vehicle/Towed Trailer",999999
200701,12,0,345,10302,"I","01/12/2007 00:00:00",19,"F","Vehicle/Towed Trailer",999999
200701,20,0,348,10493,"I","01/20/2007 00:00:00",55,"M","Vehicle/Towed Trailer",999999
200701,31,0,339,10633,"I","01/31/2007 00:00:00",32,"M","Outside/Open Areas",999999
200701,20,0,2021,10766,"I","01/20/2007 00:00:00",68,"F","Outside/Open Areas",999999
200701,3,0,347,11031,"D","01/03/2007 00:00:00",70,"M","In Water",999999
200701,20,0,349,11206,"I","01/20/2007 00:00:00",25,"M","Vehicle/Towed Trailer",999999
200701,20,0,350,11206,"I","01/20/2007 00:00:00",22,"F","Vehicle/Towed Trailer",999999
200701,20,0,351,11206,"I","01/20/2007 00:00:00",2,"F","Vehicle/Towed Trailer",999999
200701,20,0,352,11208,"I","01/20/2007 00:00:00",42,"","Vehicle/Towed Trailer",999999
200701,14,0,445,11466,"I","01/14/2007 00:00:00",20,"M","Vehicle/Towed Trailer",999999
200701,14,0,446,11466,"I","01/14/2007 00:00:00",0,"M","Vehicle/Towed Trailer",999999
200701,29,0,384,11919,"D","01/29/2007 00:00:00",80,"M","Vehicle/Towed Trailer",999999
200701,16,0,385,11929,"D","01/16/2007 00:00:00",77,"M","Vehicle/Towed Trailer",999999
200701,12,0,392,12024,"I","01/12/2007 00:00:00",43,"M","Vehicle/Towed Trailer",999999
200701,12,0,466,12025,"I","01/12/2007 00:00:00",58,"M","Vehicle/Towed Trailer",999999
200701,17,0,468,12040,"I","01/17/2007 00:00:00",20,"M","Vehicle/Towed Trailer",999999
200701,16,0,458,12046,"I","01/16/2007 00:00:00",39,"M","Vehicle/Towed Trailer",999999
200701,13,0,393,12066,"I","01/13/2007 00:00:00",5,"F","Vehicle/Towed Trailer",999999
200701,18,0,408,12183,"I","01/18/2007 00:00:00",,"","Vehicle/Towed Trailer",999999
200701,18,0,409,12183,"I","01/18/2007 00:00:00",,"","Vehicle/Towed Trailer",999999
200701,22,0,412,12310,"D","01/22/2007 00:00:00",21,"M","Vehicle/Towed Trailer",999999
200701,30,0,413,12332,"D","01/30/2007 00:00:00",64,"M","Outside/Open Areas",999999
200701,27,0,421,12527,"D","01/27/2007 00:00:00",,"M","In Water",999999
200701,16,0,471,12542,"I","01/16/2007 00:00:00",42,"M","Unknown",999999
200701,12,0,470,12542,"I","01/12/2007 00:00:00",48,"M","Vehicle/Towed Trailer",999999
200701,12,0,469,12543,"I","01/12/2007 00:00:00",,"M","Vehicle/Towed Trailer",999999
200701,13,0,467,12544,"I","01/13/2007 00:00:00",26,"F","Vehicle/Towed Trailer",999999
200701,14,0,459,12545,"I","01/14/2007 00:00:00",16,"M","Vehicle/Towed Trailer",999999
200701,14,0,460,12545,"I","01/14/2007 00:00:00",24,"M","Vehicle/Towed Trailer",999999
200701,14,0,461,12545,"I","01/14/2007 00:00:00",32,"M","Vehicle/Towed Trailer",999999
200701,14,0,462,12545,"I","01/14/2007 00:00:00",19,"M","Vehicle/Towed Trailer",999999
200701,14,0,463,12545,"I","01/14/2007 00:00:00",28,"M","Vehicle/Towed Trailer",999999
200701,14,0,464,12545,"I","01/14/2007 00:00:00",48,"M","Vehicle/Towed Trailer",999999
200701,14,0,465,12545,"I","01/14/2007 00:00:00",,"M","Vehicle/Towed Trailer",999999
200701,17,0,442,12561,"I","01/17/2007 00:00:00",34,"M","Vehicle/Towed Trailer",999999
200701,28,0,870,12611,"D","01/28/2007 00:00:00",74,"M","Outside/Open Areas",999999
200701,28,0,869,12611,"D","01/28/2007 00:00:00",56,"M","Permanent Home",999999
200701,15,0,455,12716,"D","01/15/2007 00:00:00",,"M","Outside/Open Areas",999999
200701,16,0,456,12717,"D","01/16/2007 00:00:00",,"M","Unknown",999999
200701,17,0,457,12718,"D","01/17/2007 00:00:00",,"M","Unknown",999999
200701,20,0,472,12868,"I","01/20/2007 00:00:00",5,"M","Vehicle/Towed Trailer",999999
200701,13,0,496,12919,"D","01/13/2007 00:00:00",74,"F","In Water",999999
200701,13,0,497,12919,"D","01/13/2007 00:00:00",78,"M","In Water",999999
200701,14,0,487,13070,"D","01/14/2007 00:00:00",20,"M","Vehicle/Towed Trailer",999999
200702,17,0,481,13679,"D","02/17/2007 00:00:00",,"M","In Water",999999
200702,17,0,482,13679,"D","02/17/2007 00:00:00",23,"M","In Water",999999
200702,17,0,483,13679,"D","02/17/2007 00:00:00",50,"M","In Water",999999
200701,4,0,498,13767,"D","01/04/2007 00:00:00",37,"F","Mobile/Trailer Home",999999
200701,4,0,499,13767,"D","01/04/2007 00:00:00",65,"F","Mobile/Trailer Home",999999
200702,17,0,529,13808,"D","02/17/2007 00:00:00",16,"M","Outside/Open Areas",999999
200702,17,0,501,13809,"D","02/17/2007 00:00:00",44,"M","Outside/Open Areas",999999
200702,18,0,530,13810,"D","02/18/2007 00:00:00",17,"M","Outside/Open Areas",999999
200702,4,0,503,13827,"D","02/04/2007 00:00:00",,"M","Outside/Open Areas",999999
200702,17,0,505,13974,"D","02/17/2007 00:00:00",26,"M","Outside/Open Areas",999999
200702,8,0,815,14173,"D","02/08/2007 00:00:00",80,"F","Unknown",999999
200702,15,0,816,14173,"D","02/15/2007 00:00:00",54,"M","Unknown",999999
200702,4,0,814,14173,"D","02/04/2007 00:00:00",84,"F","Permanent Structure",999999
200702,5,0,817,14175,"D","02/05/2007 00:00:00",77,"M","Unknown",999999
200702,7,0,818,14175,"D","02/07/2007 00:00:00",49,"M","Unknown",999999
200702,10,0,819,14175,"D","02/10/2007 00:00:00",60,"M","Unknown",999999
200702,22,0,820,14175,"D","02/22/2007 00:00:00",82,"F","Unknown",999999
200701,16,0,534,14383,"D","01/16/2007 00:00:00",67,"M","Permanent Structure",999999
200703,30,0,1015,14392,"D","03/30/2007 00:00:00",50,"M","Vehicle/Towed Trailer",999999
200702,6,0,513,14613,"I","02/06/2007 00:00:00",21,"F","Vehicle/Towed Trailer",999999
200702,27,0,576,14668,"D","02/27/2007 00:00:00",92,"F","Permanent Home",999999
200702,27,0,577,14668,"D","02/27/2007 00:00:00",79,"M","Permanent Home",999999
200702,28,0,1993,14735,"I","02/28/2007 00:00:00",72,"M","Vehicle/Towed Trailer",999999
200702,28,0,1994,14735,"I","02/28/2007 00:00:00",70,"F","Vehicle/Towed Trailer",999999
200704,11,0,514,14863,"D","04/11/2007 00:00:00",57,"F","Boating",999999
200702,13,0,515,14917,"I","02/13/2007 00:00:00",47,"M","Permanent Home",999999
200702,13,0,516,14917,"I","02/13/2007 00:00:00",71,"M","Vehicle/Towed Trailer",999999
200702,5,0,517,14922,"D","02/05/2007 00:00:00",81,"F","Outside/Open Areas",999999
200701,13,0,525,15047,"D","01/13/2007 00:00:00",71,"M","Vehicle/Towed Trailer",999999
200703,30,0,895,15231,"D","03/30/2007 00:00:00",80,"M","Vehicle/Towed Trailer",999999
200702,21,0,523,15300,"D","02/21/2007 00:00:00",37,"M","Outside/Open Areas",999999
200703,30,0,898,15455,"D","03/30/2007 00:00:00",48,"M","Vehicle/Towed Trailer",999999
200702,1,0,536,15779,"I","02/01/2007 00:00:00",69,"F","Vehicle/Towed Trailer",999999
200702,24,0,722,15935,"D","02/24/2007 00:00:00",,"M","Outside/Open Areas",999999
200702,23,0,604,15966,"D","03/23/2007 00:00:00",70,"M","Under Tree",999999
200703,5,0,1011,16138,"I","03/05/2007 00:00:00",,"F","Vehicle/Towed Trailer",999999
200703,5,0,1012,16138,"I","03/05/2007 00:00:00",,"M","Vehicle/Towed Trailer",999999
200704,11,0,889,16246,"D","04/11/2007 00:00:00",62,"M","Under Tree",999999
200704,15,0,2043,16380,"D","04/15/2007 00:00:00",53,"F","Mobile/Trailer Home",999999
200702,14,0,538,16426,"D","02/14/2007 00:00:00",15,"F","Outside/Open Areas",999999
200702,6,0,542,16586,"D","02/06/2007 00:00:00",55,"M","Outside/Open Areas",999999
200702,6,0,543,16594,"D","02/06/2007 00:00:00",55,"M","Outside/Open Areas",999999
200702,6,0,544,16595,"D","02/06/2007 00:00:00",55,"M","Outside/Open Areas",999999
200702,6,0,545,16596,"D","02/06/2007 00:00:00",55,"M","Outside/Open Areas",999999
200702,9,0,547,16637,"D","02/09/2007 00:00:00",25,"M","Outside/Open Areas",999999
200702,6,0,546,16640,"D","02/06/2007 00:00:00",,"M","Outside/Open Areas",999999
200702,6,0,549,16662,"D","02/06/2007 00:00:00",50,"M","Outside/Open Areas",999999
200702,6,0,548,16678,"D","02/06/2007 00:00:00",84,"F","Outside/Open Areas",999999
200702,14,0,619,16684,"I","02/14/2007 00:00:00",70,"M","Outside/Open Areas",999999
200702,13,0,723,16784,"D","02/13/2007 00:00:00",86,"F","Mobile/Trailer Home",999999
200702,14,0,553,16924,"D","02/14/2007 00:00:00",48,"F","Outside/Open Areas",999999
200702,13,0,552,16936,"D","02/13/2007 00:00:00",83,"F","Outside/Open Areas",999999
200702,25,0,558,17359,"I","02/25/2007 00:00:00",37,"M","Vehicle/Towed Trailer",999999
200703,10,0,559,17627,"D","03/10/2007 00:00:00",24,"M","Outside/Open Areas",999999
200702,1,0,560,17674,"D","02/01/2007 00:00:00",37,"M","Outside/Open Areas",999999
200702,13,0,878,17691,"I","02/13/2007 00:00:00",19,"F","Vehicle/Towed Trailer",999999
200702,13,0,874,17700,"I","02/13/2007 00:00:00",63,"F","Vehicle/Towed Trailer",999999
200702,23,0,561,17725,"I","02/23/2007 00:00:00",34,"M","Vehicle/Towed Trailer",999999
200702,23,0,569,17797,"I","02/23/2007 00:00:00",36,"F","Vehicle/Towed Trailer",999999
200702,23,0,570,17797,"I","02/23/2007 00:00:00",18,"F","Vehicle/Towed Trailer",999999
200702,23,0,571,17797,"I","02/23/2007 00:00:00",8,"M","Vehicle/Towed Trailer",999999
200702,25,0,568,17941,"I","02/25/2007 00:00:00",50,"M","Vehicle/Towed Trailer",999999
200702,12,0,620,18035,"I","02/12/2007 00:00:00",19,"M","Vehicle/Towed Trailer",999999
200704,12,0,1843,18093,"I","04/12/2007 00:00:00",67,"M","Vehicle/Towed Trailer",999999
200704,12,0,1844,18093,"I","04/12/2007 00:00:00",,"M","Vehicle/Towed Trailer",999999
200703,2,0,1068,18152,"I","03/02/2007 00:00:00",16,"F","Vehicle/Towed Trailer",999999
200703,2,0,1069,18152,"I","03/02/2007 00:00:00",,"","Vehicle/Towed Trailer",999999
200702,13,0,2009,18261,"D","02/13/2007 00:00:00",9,"F","Outside/Open Areas",999999
200702,6,0,605,18299,"I","02/06/2007 00:00:00",58,"M","Vehicle/Towed Trailer",999999
200702,4,0,1296,18540,"D","02/04/2007 00:00:00",25,"F","Outside/Open Areas",999999
200702,8,0,1298,18540,"D","02/08/2007 00:00:00",51,"M","Outside/Open Areas",999999
200702,11,0,1302,18540,"D","02/11/2007 00:00:00",55,"M","Outside/Open Areas",999999
200702,14,0,1303,18540,"D","02/14/2007 00:00:00",55,"M","Outside/Open Areas",999999
200702,2,0,1305,18540,"D","02/02/2007 00:00:00",55,"F","Outside/Open Areas",999999
200702,5,0,1297,18540,"D","02/05/2007 00:00:00",46,"F","Permanent Home",999999
200702,6,0,1299,18540,"D","02/06/2007 00:00:00",47,"M","Permanent Home",999999
200702,8,0,1300,18540,"D","02/08/2007 00:00:00",86,"M","Permanent Home",999999
200702,10,0,1301,18540,"D","02/10/2007 00:00:00",97,"M","Permanent Home",999999
200702,14,0,1304,18540,"D","02/14/2007 00:00:00",82,"F","Permanent Home",999999
200702,5,0,618,18549,"D","02/05/2007 00:00:00",49,"M","Outside/Open Areas",999999
200702,3,0,617,18554,"D","02/03/2007 00:00:00",24,"M","Outside/Open Areas",999999
200702,4,0,625,18662,"D","02/04/2007 00:00:00",50,"M","Permanent Home",999999
200702,24,0,623,18806,"I","02/24/2007 00:00:00",55,"M","Unknown",999999
200702,25,0,626,18903,"I","02/25/2007 00:00:00",17,"F","Vehicle/Towed Trailer",999999
200702,2,0,846,18948,"D","02/02/2007 00:00:00",20,"M","Mobile/Trailer Home",999999
200702,2,0,847,18948,"D","02/02/2007 00:00:00",66,"F","Mobile/Trailer Home",999999
200702,2,0,848,18948,"D","02/02/2007 00:00:00",77,"F","Mobile/Trailer Home",999999
200702,2,0,849,18948,"D","02/02/2007 00:00:00",92,"M","Mobile/Trailer Home",999999
200702,2,0,850,18948,"D","02/02/2007 00:00:00",17,"F","Mobile/Trailer Home",999999
200702,2,0,851,18948,"D","02/02/2007 00:00:00",88,"F","Mobile/Trailer Home",999999
200702,2,0,852,18948,"D","02/02/2007 00:00:00",81,"F","Mobile/Trailer Home",999999
200702,27,0,853,18948,"D","02/27/2007 00:00:00",88,"M","Mobile/Trailer Home",999999
200702,2,0,854,18950,"D","02/02/2007 00:00:00",46,"M","Mobile/Trailer Home",999999
200702,2,0,855,18950,"D","02/02/2007 00:00:00",35,"F","Mobile/Trailer Home",999999
200702,2,0,856,18950,"D","02/02/2007 00:00:00",15,"M","Mobile/Trailer Home",999999
200702,2,0,857,18950,"D","02/02/2007 00:00:00",37,"M","Mobile/Trailer Home",999999
200702,2,0,858,18950,"D","02/02/2007 00:00:00",7,"M","Mobile/Trailer Home",999999
200702,2,0,859,18950,"D","02/02/2007 00:00:00",58,"F","Mobile/Trailer Home",999999
200702,2,0,860,18950,"D","02/02/2007 00:00:00",35,"F","Mobile/Trailer Home",999999
200702,2,0,861,18950,"D","02/02/2007 00:00:00",9,"F","Mobile/Trailer Home",999999
200702,2,0,862,18950,"D","02/02/2007 00:00:00",49,"M","Mobile/Trailer Home",999999
200702,2,0,863,18950,"D","02/02/2007 00:00:00",55,"M","Mobile/Trailer Home",999999
200702,2,0,864,18950,"D","02/02/2007 00:00:00",66,"F","Mobile/Trailer Home",999999
200702,2,0,865,18950,"D","02/02/2007 00:00:00",54,"M","Mobile/Trailer Home",999999
200702,2,0,866,18950,"D","02/02/2007 00:00:00",49,"F","Mobile/Trailer Home",999999
200702,5,0,821,19116,"D","02/05/2007 00:00:00",47,"M","Unknown",999999
200702,5,0,822,19116,"D","02/05/2007 00:00:00",60,"M","Unknown",999999
200702,9,0,823,19116,"D","02/09/2007 00:00:00",22,"M","Unknown",999999
200702,28,0,824,19117,"D","02/28/2007 00:00:00",78,"M","Unknown",999999
200703,8,0,1093,19124,"D","03/08/2007 00:00:00",45,"M","Unknown",999999
200703,29,0,826,19455,"D","03/29/2007 00:00:00",18,"M","Outside/Open Areas",999999
200703,1,0,1104,19854,"D","03/01/2007 00:00:00",42,"M","Mobile/Trailer Home",999999
200704,12,0,831,20042,"D","04/12/2007 00:00:00",,"F","Outside/Open Areas",999999
200703,1,0,888,20409,"I","03/01/2007 00:00:00",51,"M","Vehicle/Towed Trailer",999999
200703,1,0,1023,20465,"D","03/01/2007 00:00:00",48,"M","Mobile/Trailer Home",999999
200703,27,0,1081,20730,"D","03/27/2007 00:00:00",91,"F","Mobile/Trailer Home",999999
200703,12,0,1082,20730,"D","04/12/2007 00:00:00",90,"M","Mobile/Trailer Home",999999
200703,7,0,900,21251,"I","03/07/2007 00:00:00",17,"M","Vehicle/Towed Trailer",999999
200703,7,0,901,21251,"I","03/07/2007 00:00:00",16,"F","Vehicle/Towed Trailer",999999
200703,16,0,902,21368,"I","03/16/2007 00:00:00",18,"F","Vehicle/Towed Trailer",999999
200703,16,0,1021,21386,"D","03/16/2007 00:00:00",66,"F","Vehicle/Towed Trailer",999999
200703,16,0,1020,21396,"I","03/16/2007 00:00:00",,"","Vehicle/Towed Trailer",999999
200703,16,0,1016,21398,"I","03/16/2007 00:00:00",23,"M","Vehicle/Towed Trailer",999999
200703,16,0,1017,21398,"I","03/16/2007 00:00:00",39,"M","Vehicle/Towed Trailer",999999
200703,16,0,1018,21398,"I","03/16/2007 00:00:00",,"M","Vehicle/Towed Trailer",999999
200703,16,0,1019,21398,"I","03/16/2007 00:00:00",79,"F","Vehicle/Towed Trailer",999999
200703,1,0,18231,21424,"D","03/01/2007 00:00:00",43,"M","Permanent Home",999999
200703,1,0,18232,21424,"D","03/01/2007 00:00:00",53,"F","Permanent Home",999999
200701,5,0,111,4460,"I","01/05/2007 00:00:00",25,"M","Outside/Open Areas",999999
200701,18,0,2063,5058,"D","01/18/2007 00:00:00",27,"M","Vehicle/Towed Trailer",999999
200707,27,0,2076,45917,"D","07/27/2007 00:00:00",24,"M","Outside/Open Areas",999999
200706,19,0,1493,45919,"D","06/19/2007 00:00:00",23,"M","In Water",999999
200706,17,0,1499,46093,"D","06/17/2007 00:00:00",14,"F","In Water",999999
200707,15,0,1510,46375,"I","07/15/2007 00:00:00",,"M","Outside/Open Areas",999999
200707,9,0,1511,46883,"D","07/09/2007 00:00:00",25,"M","Outside/Open Areas",999999
200707,30,0,1588,47970,"D","07/30/2007 00:00:00",22,"M","Outside/Open Areas",999999
200706,8,0,1992,47992,"D","06/08/2007 00:00:00",30,"M","Outside/Open Areas",999999
200708,10,0,1521,48229,"D","08/10/2007 00:00:00",43,"M","Outside/Open Areas",999999
200709,11,0,1524,48296,"D","09/11/2007 00:00:00",53,"M","Outside/Open Areas",999999
200708,16,0,1526,48391,"D","08/16/2007 00:00:00",35,"M","Vehicle/Towed Trailer",999999
200707,1,0,1543,48721,"D","07/01/2007 00:00:00",55,"M","Permanent Structure",999999
200708,26,0,3685,48727,"D","08/26/2007 00:00:00",57,"M","Mobile/Trailer Home",999999
200708,15,0,1551,48799,"D","08/15/2007 00:00:00",81,"F","Vehicle/Towed Trailer",999999
200708,10,0,1528,49084,"D","08/10/2007 00:00:00",55,"M","Outside/Open Areas",999999
200708,13,0,1529,49085,"D","08/13/2007 00:00:00",75,"F","Permanent Structure",999999
200707,23,0,1530,49097,"I","07/23/2007 00:00:00",36,"M","Vehicle/Towed Trailer",999999
200707,6,0,1531,49375,"D","07/06/2007 00:00:00",62,"M","Outside/Open Areas",999999
200707,24,0,1532,49563,"D","07/24/2007 00:00:00",50,"M","Under Tree",999999
200708,19,0,1669,50184,"D","08/19/2007 00:00:00",37,"M","Vehicle/Towed Trailer",999999
200708,19,0,1670,50218,"D","08/19/2007 00:00:00",55,"M","Mobile/Trailer Home",999999
200708,19,0,1677,50246,"D","08/19/2007 00:00:00",67,"M","Vehicle/Towed Trailer",999999
200708,19,0,1678,50246,"D","08/19/2007 00:00:00",66,"F","Vehicle/Towed Trailer",999999
200708,19,0,1679,50246,"D","08/19/2007 00:00:00",37,"M","Vehicle/Towed Trailer",999999
200708,18,0,1680,50246,"D","08/18/2007 00:00:00",79,"M","Vehicle/Towed Trailer",999999
200708,18,0,1681,50246,"D","08/18/2007 00:00:00",67,"F","Vehicle/Towed Trailer",999999
200707,13,0,1544,50313,"D","07/13/2007 00:00:00",40,"M","Outside/Open Areas",999999
200707,24,0,1545,50325,"D","07/24/2007 00:00:00",8,"M","In Water",999999
200707,15,0,1546,50332,"D","07/15/2007 00:00:00",96,"M","Permanent Home",999999
200707,22,0,1547,50364,"D","07/22/2007 00:00:00",36,"M","In Water",999999
200707,2,0,1562,50383,"D","08/02/2007 00:00:00",20,"M","Ball Field",999999
200707,27,0,1549,50394,"D","07/27/2007 00:00:00",17,"M","In Water",999999
200707,3,0,1563,50397,"D","07/03/2007 00:00:00",16,"M","In Water",999999
200708,19,0,1913,50601,"D","08/19/2007 00:00:00",51,"M","Vehicle/Towed Trailer",999999
200707,11,0,1561,50962,"D","07/11/2007 00:00:00",15,"M","In Water",999999
200707,3,0,1564,51069,"D","07/03/2007 00:00:00",16,"M","In Water",999999
200707,14,0,1590,51095,"D","07/14/2007 00:00:00",34,"M","In Water",999999
200708,4,0,1685,51108,"D","08/04/2007 00:00:00",19,"F","Outside/Open Areas",999999
200708,4,0,1686,51108,"D","08/04/2007 00:00:00",25,"M","Outside/Open Areas",999999
200708,16,0,1568,51439,"D","08/16/2007 00:00:00",22,"F","Vehicle/Towed Trailer",999999
200708,16,0,1569,51439,"D","08/16/2007 00:00:00",18,"M","Vehicle/Towed Trailer",999999
200708,16,0,1570,51446,"D","08/16/2007 00:00:00",28,"M","Vehicle/Towed Trailer",999999
200708,16,0,1571,51446,"D","08/16/2007 00:00:00",48,"M","Vehicle/Towed Trailer",999999
200707,3,0,1573,51611,"D","07/03/2007 00:00:00",70,"M","Vehicle/Towed Trailer",999999
200707,7,0,1574,51613,"D","07/07/2007 00:00:00",55,"M","Permanent Home",999999
200707,10,0,1575,51614,"D","07/10/2007 00:00:00",60,"M","Outside/Open Areas",999999
200707,12,0,1576,51615,"D","07/12/2007 00:00:00",69,"M","Permanent Home",999999
200707,15,0,1577,51616,"D","07/15/2007 00:00:00",76,"M","Outside/Open Areas",999999
200707,17,0,1578,51617,"D","07/17/2007 00:00:00",47,"M","Outside/Open Areas",999999
200708,18,0,1755,52021,"D","08/18/2007 00:00:00",34,"F","Vehicle/Towed Trailer",999999
200707,10,0,1581,52039,"D","07/10/2007 00:00:00",72,"M","Permanent Home",999999
200707,3,0,1591,52266,"D","07/03/2007 00:00:00",33,"M","In Water",999999
200709,1,0,1610,52589,"D","09/01/2007 00:00:00",,"","Unknown",999999
200709,1,0,1611,52589,"D","09/01/2007 00:00:00",,"","Unknown",999999
200709,1,0,1612,52589,"D","09/01/2007 00:00:00",,"","Unknown",999999
200709,1,0,1613,52589,"D","09/01/2007 00:00:00",,"","Unknown",999999
200709,1,0,1614,52589,"D","09/01/2007 00:00:00",,"","Unknown",999999
200709,1,0,1615,52589,"D","09/01/2007 00:00:00",,"","Unknown",999999
200709,1,0,1616,52589,"D","09/01/2007 00:00:00",,"","Unknown",999999
200709,1,0,1617,52589,"D","09/01/2007 00:00:00",,"","Unknown",999999
200709,1,0,1618,52589,"D","09/01/2007 00:00:00",,"","Unknown",999999
200709,1,0,1619,52589,"D","09/01/2007 00:00:00",,"","Unknown",999999
200709,3,0,1592,52597,"D","09/03/2007 00:00:00",,"","Unknown",999999
200709,3,0,1593,52597,"D","09/03/2007 00:00:00",,"","Unknown",999999
200709,3,0,1594,52597,"D","09/03/2007 00:00:00",,"","Unknown",999999
200709,3,0,1595,52597,"D","09/03/2007 00:00:00",,"","Unknown",999999
200709,3,0,1596,52597,"D","09/03/2007 00:00:00",,"","Unknown",999999
200709,3,0,1597,52597,"D","09/03/2007 00:00:00",,"","Unknown",999999
200709,3,0,1598,52597,"D","09/03/2007 00:00:00",,"","Unknown",999999
200709,3,0,1599,52597,"D","09/03/2007 00:00:00",,"","Unknown",999999
200707,9,0,1620,52643,"D","07/09/2007 00:00:00",71,"M","Vehicle/Towed Trailer",999999
200707,6,0,1621,52721,"D","07/06/2007 00:00:00",20,"M","In Water",999999
200707,26,0,1637,53066,"I","07/26/2007 00:00:00",23,"M","Other",999999
200707,26,0,1638,53066,"I","07/26/2007 00:00:00",34,"M","Other",999999
200707,27,0,1640,53327,"D","07/27/2007 00:00:00",49,"M","In Water",999999
200707,4,0,1645,53471,"D","07/04/2007 00:00:00",51,"F","Permanent Home",999999
200708,8,0,1642,53593,"D","08/08/2007 00:00:00",17,"M","Outside/Open Areas",999999
200709,11,0,1649,53798,"D","09/11/2007 00:00:00",42,"M","In Water",999999
200709,11,0,1650,53798,"D","09/11/2007 00:00:00",23,"M","In Water",999999
200709,23,0,1648,53799,"D","09/23/2007 00:00:00",42,"M","In Water",999999
200708,7,0,1652,53868,"D","08/07/2007 00:00:00",61,"M","Under Tree",999999
200708,19,0,1667,53872,"I","08/19/2007 00:00:00",,"M","Permanent Home",999999
200708,20,0,4304,54052,"D","08/20/2007 00:00:00",51,"M","Vehicle/Towed Trailer",999999
200708,17,0,1890,54711,"D","08/17/2007 00:00:00",70,"F","Outside/Open Areas",999999
200708,7,0,1666,54938,"D","08/07/2007 00:00:00",56,"F","Camping",999999
200707,1,0,1852,55096,"D","07/01/2007 00:00:00",43,"M","Outside/Open Areas",999999
200707,1,0,1853,55096,"D","07/01/2007 00:00:00",63,"M","Outside/Open Areas",999999
200707,1,0,1854,55096,"D","07/01/2007 00:00:00",73,"M","Outside/Open Areas",999999
200707,15,0,1676,55126,"D","07/15/2007 00:00:00",21,"M","Outside/Open Areas",999999
200708,13,0,1682,55175,"D","08/13/2007 00:00:00",24,"M","Outside/Open Areas",999999
200708,1,0,1710,55192,"D","09/01/2007 00:00:00",21,"M","Outside/Open Areas",999999
200708,18,0,1703,55236,"D","08/18/2007 00:00:00",15,"F","Other",999999
200708,20,0,1684,55238,"D","08/20/2007 00:00:00",40,"M","In Water",999999
200708,9,0,1776,55523,"D","08/09/2007 00:00:00",22,"F","Vehicle/Towed Trailer",999999
200708,6,0,1688,55668,"D","08/06/2007 00:00:00",47,"M","Permanent Home",999999
200708,6,0,1689,55668,"D","08/06/2007 00:00:00",74,"M","Permanent Home",999999
200708,6,0,1690,55668,"D","08/06/2007 00:00:00",74,"M","Permanent Home",999999
200708,6,0,1691,55676,"D","08/06/2007 00:00:00",84,"F","Permanent Home",999999
200708,23,0,1707,55789,"D","08/23/2007 00:00:00",86,"M","Under Tree",999999
200708,2,0,1693,55830,"D","08/02/2007 00:00:00",90,"F","Permanent Structure",999999
200708,10,0,1700,55836,"D","08/10/2007 00:00:00",37,"M","Outside/Open Areas",999999
200709,2,0,1701,55840,"D","09/02/2007 00:00:00",38,"M","Outside/Open Areas",999999
200709,19,0,1702,55841,"I","09/19/2007 00:00:00",39,"M","Boating",999999
200708,17,0,1704,55970,"D","08/17/2007 00:00:00",45,"F","Unknown",999999
200708,24,0,1841,56150,"I","08/24/2007 00:00:00",38,"M","Vehicle/Towed Trailer",999999
200708,24,0,1842,56150,"I","08/24/2007 00:00:00",39,"M","Vehicle/Towed Trailer",999999
200708,23,0,1711,56190,"D","08/23/2007 00:00:00",67,"M","Golfing",999999
200709,27,0,1712,56230,"D","09/27/2007 00:00:00",53,"M","Under Tree",999999
200708,25,0,1754,56433,"D","08/25/2007 00:00:00",24,"M","Camping",999999
200708,20,0,1716,56552,"D","08/20/2007 00:00:00",,"","In Water",999999
200708,29,0,1717,56631,"D","08/29/2007 00:00:00",25,"M","Boating",999999
200708,9,0,1828,56713,"D","08/09/2007 00:00:00",57,"M","Permanent Home",999999
200708,9,0,1829,56713,"D","08/09/2007 00:00:00",53,"M","Permanent Home",999999
200708,7,0,1827,56714,"D","08/07/2007 00:00:00",70,"M","Permanent Home",999999
200708,15,0,1751,56732,"D","08/15/2007 00:00:00",87,"F","Permanent Home",999999
200708,15,0,1752,56732,"D","08/15/2007 00:00:00",68,"F","Permanent Home",999999
200708,9,0,1745,56733,"D","08/09/2007 00:00:00",81,"M","Permanent Home",999999
200708,10,0,1746,56733,"D","08/10/2007 00:00:00",73,"F","Permanent Home",999999
200708,10,0,1747,56733,"D","08/10/2007 00:00:00",88,"M","Permanent Home",999999
200708,13,0,1748,56733,"D","08/13/2007 00:00:00",60,"M","Permanent Home",999999
200708,14,0,1749,56733,"D","08/14/2007 00:00:00",76,"M","Permanent Home",999999
200708,14,0,1750,56733,"D","08/14/2007 00:00:00",62,"M","Permanent Home",999999
200708,22,0,1756,57686,"I","08/22/2007 00:00:00",,"F","In Water",999999
200708,22,0,1757,57686,"I","08/22/2007 00:00:00",,"M","In Water",999999
200708,22,0,1758,57686,"I","08/22/2007 00:00:00",,"M","In Water",999999
200708,27,0,1759,57772,"D","08/27/2007 00:00:00",75,"M","Golfing",999999
200708,27,0,1760,57836,"D","08/27/2007 00:00:00",57,"M","Outside/Open Areas",999999
200708,15,0,1767,57884,"D","08/15/2007 00:00:00",67,"F","Camping",999999
200708,13,0,1765,57884,"D","08/13/2007 00:00:00",77,"F","Outside/Open Areas",999999
200708,15,0,1766,57884,"D","08/15/2007 00:00:00",32,"M","Outside/Open Areas",999999
200708,8,0,1761,57884,"D","08/08/2007 00:00:00",54,"F","Permanent Home",999999
200708,10,0,1762,57884,"D","08/10/2007 00:00:00",46,"F","Permanent Home",999999
200708,11,0,1763,57884,"D","08/11/2007 00:00:00",70,"F","Permanent Home",999999
200708,13,0,1764,57884,"D","08/13/2007 00:00:00",75,"M","Permanent Home",999999
200708,16,0,1769,57884,"D","08/16/2007 00:00:00",77,"F","Permanent Home",999999
200708,17,0,1770,57884,"D","08/17/2007 00:00:00",62,"M","Permanent Home",999999
200708,17,0,1771,57884,"D","08/17/2007 00:00:00",60,"M","Permanent Home",999999
200708,18,0,1772,57884,"D","08/18/2007 00:00:00",74,"M","Permanent Home",999999
200708,21,0,1773,57884,"D","08/21/2007 00:00:00",89,"F","Permanent Home",999999
200708,24,0,1774,57884,"D","08/24/2007 00:00:00",27,"F","Permanent Home",999999
200708,15,0,1768,57884,"D","08/15/2007 00:00:00",53,"M","Permanent Structure",999999
200708,1,0,1775,57889,"D","08/01/2007 00:00:00",,"M","Ball Field",999999
200708,19,0,1820,58218,"D","08/19/2007 00:00:00",77,"F","In Water",999999
200708,19,0,1821,58218,"D","08/19/2007 00:00:00",34,"F","In Water",999999
200708,19,0,1822,58218,"D","08/19/2007 00:00:00",17,"F","In Water",999999
200708,19,0,1823,58255,"D","08/19/2007 00:00:00",52,"M","In Water",999999
200708,19,0,1781,58267,"D","08/19/2007 00:00:00",67,"F","In Water",999999
200708,2,0,1782,58269,"D","08/02/2007 00:00:00",47,"M","Outside/Open Areas",999999
200708,9,0,1783,58311,"D","08/09/2007 00:00:00",72,"M","Outside/Open Areas",999999
200708,10,0,1784,58311,"D","08/10/2007 00:00:00",65,"M","Permanent Structure",999999
200708,19,0,1824,58315,"D","08/19/2007 00:00:00",,"F","In Water",999999
200708,26,0,1798,58411,"D","08/26/2007 00:00:00",15,"M","Outside/Open Areas",999999
200708,16,0,1838,58491,"D","08/16/2007 00:00:00",26,"M","Permanent Structure",999999
200708,16,0,1839,58491,"D","08/16/2007 00:00:00",29,"M","Permanent Structure",999999
200708,16,0,1840,58491,"D","08/16/2007 00:00:00",,"M","Vehicle/Towed Trailer",999999
200708,13,0,1797,58521,"D","08/13/2007 00:00:00",65,"M","Mobile/Trailer Home",999999
200708,12,0,1796,58553,"D","08/12/2007 00:00:00",87,"F","Permanent Home",999999
200708,29,0,1799,58744,"D","08/29/2007 00:00:00",17,"M","Ball Field",999999
200708,16,0,1811,58836,"D","08/16/2007 00:00:00",32,"M","Unknown",999999
200708,21,0,1806,58842,"D","08/21/2007 00:00:00",86,"F","Unknown",999999
200708,17,0,1804,58844,"D","08/17/2007 00:00:00",57,"M","Unknown",999999
200708,10,0,1812,58849,"D","08/10/2007 00:00:00",79,"M","Unknown",999999
200708,17,0,1808,58852,"D","08/17/2007 00:00:00",69,"M","Unknown",999999
200708,16,0,1809,58852,"D","08/16/2007 00:00:00",88,"M","Unknown",999999
200708,30,0,1802,58854,"D","08/30/2007 00:00:00",75,"M","Unknown",999999
200708,26,0,1803,58858,"D","08/26/2007 00:00:00",77,"F","Unknown",999999
200708,16,0,1810,58862,"D","08/16/2007 00:00:00",72,"M","Unknown",999999
200708,21,0,1805,58868,"D","08/21/2007 00:00:00",77,"M","Unknown",999999
200708,1,0,1801,58874,"D","09/01/2007 00:00:00",67,"M","Unknown",999999
200708,9,0,1818,58885,"D","08/09/2007 00:00:00",64,"M","Permanent Structure",999999
200708,15,0,1817,58886,"D","08/15/2007 00:00:00",59,"F","Permanent Home",999999
200708,27,0,1836,59039,"I","08/27/2007 00:00:00",,"","Vehicle/Towed Trailer",999999
200708,20,0,1837,59101,"D","08/20/2007 00:00:00",93,"F","Mobile/Trailer Home",999999
200707,5,0,1845,59229,"D","07/05/2007 00:00:00",68,"M","Outside/Open Areas",999999
200708,16,0,1846,59230,"D","08/16/2007 00:00:00",62,"M","Unknown",999999
200709,6,0,1847,59269,"D","09/06/2007 00:00:00",37,"F","Vehicle/Towed Trailer",999999
200709,5,0,1880,59507,"D","09/05/2007 00:00:00",29,"F","In Water",999999
200709,20,0,1857,59669,"I","09/20/2007 00:00:00",1,"F","Vehicle/Towed Trailer",999999
200709,20,0,2316,59671,"D","09/20/2007 00:00:00",13,"M","In Water",999999
200709,2,0,2079,59902,"D","09/02/2007 00:00:00",21,"M","Camping",999999
200709,8,0,1858,60177,"D","09/08/2007 00:00:00",47,"M","In Water",999999
200708,11,0,1860,60300,"D","08/11/2007 00:00:00",69,"F","Permanent Home",999999
200708,6,0,1861,60301,"D","08/06/2007 00:00:00",46,"M","Business",999999
200709,13,0,1863,60389,"D","09/13/2007 00:00:00",80,"M","Outside/Open Areas",999999
200709,1,0,1864,60733,"D","09/01/2007 00:00:00",47,"M","Other",999999
200709,4,0,1866,60733,"D","09/04/2007 00:00:00",28,"M","Other",999999
200709,4,0,1865,60733,"D","09/04/2007 00:00:00",88,"F","Permanent Home",999999
200709,4,0,1867,60733,"D","09/04/2007 00:00:00",76,"M","Permanent Home",999999
200709,2,0,1868,60739,"D","09/02/2007 00:00:00",38,"M","Outside/Open Areas",999999
200711,23,0,1916,60891,"I","11/23/2007 00:00:00",76,"M","Vehicle/Towed Trailer",999999
200710,22,0,1990,61039,"D","10/22/2007 00:00:00",51,"M","In Water",999999
200709,29,0,1884,61065,"D","09/29/2007 00:00:00",,"M","Boating",999999
200710,7,0,1887,61255,"D","10/07/2007 00:00:00",14,"M","In Water",999999
200712,1,0,1888,61609,"I","12/01/2007 00:00:00",,"","Vehicle/Towed Trailer",999999
200710,7,0,1922,61916,"D","10/07/2007 00:00:00",30,"M","Under Tree",999999
200712,7,0,1893,62206,"I","12/07/2007 00:00:00",31,"M","Vehicle/Towed Trailer",999999
200712,7,0,1894,62207,"I","12/07/2007 00:00:00",31,"M","Vehicle/Towed Trailer",999999
200710,18,0,1983,62476,"D","10/18/2007 00:00:00",1,"M","Mobile/Trailer Home",999999
200710,18,0,1984,62476,"D","10/18/2007 00:00:00",1,"F","Mobile/Trailer Home",999999
200710,9,0,1899,62701,"D","10/09/2007 00:00:00",71,"M","Boating",999999
200710,9,0,1900,62701,"D","10/09/2007 00:00:00",72,"M","Boating",999999
200710,22,0,1956,62766,"D","10/22/2007 00:00:00",58,"M","Permanent Home",999999
200712,9,0,2277,72617,"I","12/09/2007 00:00:00",,"","Unknown",999999
200712,9,0,2278,72617,"I","12/09/2007 00:00:00",,"","Unknown",999999
200712,9,0,2279,72617,"I","12/09/2007 00:00:00",,"","Unknown",999999
200712,9,0,2280,72617,"I","12/09/2007 00:00:00",,"","Unknown",999999
200712,9,0,2281,72617,"I","12/09/2007 00:00:00",,"","Unknown",999999
200712,9,0,2282,72617,"I","12/09/2007 00:00:00",,"","Unknown",999999
200712,9,0,2283,72617,"I","12/09/2007 00:00:00",,"","Unknown",999999
200712,10,0,2264,72626,"I","12/10/2007 00:00:00",,"","Unknown",999999
200712,9,0,2253,72639,"I","12/09/2007 00:00:00",,"M","Other",999999
200712,9,0,2263,72885,"I","12/09/2007 00:00:00",55,"M","Unknown",999999
200712,1,0,2285,72980,"I","12/01/2007 00:00:00",46,"M","Vehicle/Towed Trailer",999999
200712,8,0,2266,72983,"I","12/08/2007 00:00:00",44,"M","Unknown",999999
200712,9,0,2267,72983,"I","12/09/2007 00:00:00",44,"F","Unknown",999999
200712,9,0,2284,72984,"I","12/09/2007 00:00:00",34,"F","Unknown",999999
200712,1,0,2286,73027,"I","12/01/2007 00:00:00",46,"M","Vehicle/Towed Trailer",999999
200712,1,0,2287,73044,"I","12/01/2007 00:00:00",46,"M","Vehicle/Towed Trailer",999999
200712,1,0,2289,73045,"I","12/01/2007 00:00:00",46,"M","Vehicle/Towed Trailer",999999
200712,1,0,2296,73061,"I","12/01/2007 00:00:00",46,"M","Vehicle/Towed Trailer",999999
200712,1,0,2295,73078,"I","12/01/2007 00:00:00",46,"M","Vehicle/Towed Trailer",999999
200712,1,0,2297,73093,"I","12/01/2007 00:00:00",46,"M","Vehicle/Towed Trailer",999999
200712,11,0,2304,73233,"I","12/11/2007 00:00:00",16,"M","Vehicle/Towed Trailer",999999
200712,24,0,2477,79034,"I","12/24/2007 00:00:00",,"M","Vehicle/Towed Trailer",999999
200710,18,0,3470,110917,"D","10/18/2007 00:00:00",44,"M","In Water",999999
200712,2,0,29326,111023,"I","12/02/2007 00:00:00",,"F","Permanent Home",999999
200705,26,0,20405,456341,"D","05/26/2007 00:00:00",40,"M","In Water",999999
200706,17,0,20406,456342,"D","06/17/2007 00:00:00",26,"M","In Water",999999
200711,13,0,20705,467536,"D","11/13/2007 00:00:00",65,"M","In Water",999999
200710,1,0,20706,467537,"D","10/01/2007 00:00:00",19,"M","In Water",999999
200709,9,0,20707,467538,"D","09/09/2007 00:00:00",56,"M","In Water",999999
200710,22,0,1957,62766,"D","10/22/2007 00:00:00",55,"F","Permanent Home",999999
200710,21,0,2012,62886,"D","10/21/2007 00:00:00",28,"M","Outside/Open Areas",999999
200710,21,0,2013,62886,"D","10/21/2007 00:00:00",25,"F","Outside/Open Areas",999999
200710,21,0,2014,62886,"D","10/21/2007 00:00:00",21,"M","Outside/Open Areas",999999
200710,21,0,2015,62886,"D","10/21/2007 00:00:00",23,"M","Outside/Open Areas",999999
200710,21,0,2016,62886,"D","10/21/2007 00:00:00",20,"F","Outside/Open Areas",999999
200710,21,0,2017,62886,"D","10/21/2007 00:00:00",,"","Outside/Open Areas",999999
200710,21,0,2018,62886,"D","10/21/2007 00:00:00",,"","Outside/Open Areas",999999
200710,21,0,2011,62886,"D","10/21/2007 00:00:00",52,"M","Permanent Home",999999
200712,10,0,1917,63151,"D","12/10/2007 00:00:00",20,"F","Vehicle/Towed Trailer",999999
200712,1,0,1918,63238,"I","12/01/2007 00:00:00",,"M","Vehicle/Towed Trailer",999999
200712,1,0,1919,63238,"I","12/01/2007 00:00:00",51,"M","Vehicle/Towed Trailer",999999
200712,15,0,2302,63389,"D","12/15/2007 00:00:00",86,"F","Permanent Home",999999
200712,18,0,2303,63389,"D","12/18/2007 00:00:00",74,"F","Permanent Home",999999
200712,10,0,2301,63389,"D","12/10/2007 00:00:00",55,"M","Vehicle/Towed Trailer",999999
200712,20,0,1923,63641,"I","12/20/2007 00:00:00",73,"M","Permanent Home",999999
200712,20,0,1924,63641,"I","12/20/2007 00:00:00",70,"F","Permanent Home",999999
200710,17,0,1928,63960,"D","10/17/2007 00:00:00",44,"M","Mobile/Trailer Home",999999
200710,17,0,1929,63960,"D","10/17/2007 00:00:00",25,"F","Mobile/Trailer Home",999999
200710,18,0,1953,64011,"D","10/18/2007 00:00:00",29,"M","Mobile/Trailer Home",999999
200710,17,0,1958,64342,"I","10/17/2007 00:00:00",,"M","In Water",999999
200710,25,0,2074,64343,"D","10/25/2007 00:00:00",20,"M","Vehicle/Towed Trailer",999999
200710,25,0,2075,64343,"D","10/25/2007 00:00:00",27,"M","Vehicle/Towed Trailer",999999
200710,16,0,1985,64432,"I","10/16/2007 00:00:00",73,"M","Vehicle/Towed Trailer",999999
200710,16,0,1986,64432,"I","10/16/2007 00:00:00",64,"M","Vehicle/Towed Trailer",999999
200712,4,0,1996,64859,"D","12/04/2007 00:00:00",58,"M","Boating",999999
200712,4,0,1997,64859,"D","12/04/2007 00:00:00",57,"M","Boating",999999
200712,4,0,1998,64860,"D","12/04/2007 00:00:00",45,"M","In Water",999999
200712,28,0,1999,64861,"D","12/28/2007 00:00:00",39,"M","In Water",999999
200712,10,0,2357,64922,"I","12/10/2007 00:00:00",,"","Unknown",999999
200711,24,0,2029,65115,"I","11/24/2007 00:00:00",35,"F","Vehicle/Towed Trailer",999999
200711,24,0,2030,65117,"I","11/24/2007 00:00:00",23,"F","Vehicle/Towed Trailer",999999
200710,13,0,2046,65797,"D","10/13/2007 00:00:00",60,"M","Camping",999999
200712,8,0,2139,65969,"I","12/08/2007 00:00:00",51,"M","Vehicle/Towed Trailer",999999
200709,21,0,2055,66113,"D","09/21/2007 00:00:00",49,"M","Outside/Open Areas",999999
200712,3,0,2235,66221,"D","12/03/2007 00:00:00",57,"M","Outside/Open Areas",999999
200712,2,0,2236,66223,"D","12/02/2007 00:00:00",,"M","Permanent Home",999999
200712,2,0,2238,66625,"D","12/02/2007 00:00:00",81,"M","Outside/Open Areas",999999
200712,3,0,2240,66626,"D","12/03/2007 00:00:00",,"M","Outside/Open Areas",999999
200712,2,0,2109,66638,"I","12/02/2007 00:00:00",61,"M","Vehicle/Towed Trailer",999999
200711,23,0,2067,66757,"D","11/23/2007 00:00:00",67,"M","Outside/Open Areas",999999
200711,10,0,2083,67057,"I","11/10/2007 00:00:00",,"M","Under Tree",999999
200712,14,0,2115,67266,"D","12/14/2007 00:00:00",65,"M","Under Tree",999999
200711,3,0,2084,67789,"I","11/03/2007 00:00:00",,"","Vehicle/Towed Trailer",999999
200711,3,0,2085,67789,"I","11/03/2007 00:00:00",,"","Vehicle/Towed Trailer",999999
200711,3,0,2086,67789,"I","11/03/2007 00:00:00",,"","Vehicle/Towed Trailer",999999
200711,11,0,2087,67791,"I","11/11/2007 00:00:00",44,"M","Outside/Open Areas",999999
200712,3,0,2241,67809,"D","12/03/2007 00:00:00",22,"M","Permanent Home",999999
200712,2,0,2242,67953,"D","12/02/2007 00:00:00",33,"F","Outside/Open Areas",999999
200712,2,0,2243,67953,"D","12/02/2007 00:00:00",38,"M","Outside/Open Areas",999999
200712,2,0,3503,67954,"D","12/02/2007 00:00:00",29,"M","Outside/Open Areas",999999
200712,2,0,3504,67954,"D","12/02/2007 00:00:00",41,"M","Outside/Open Areas",999999
200712,2,0,3505,67954,"D","12/02/2007 00:00:00",26,"M","Outside/Open Areas",999999
200712,18,0,2102,67955,"D","12/18/2007 00:00:00",22,"M","Outside/Open Areas",999999
200712,22,0,2111,68362,"D","12/22/2007 00:00:00",65,"M","Vehicle/Towed Trailer",999999
200712,22,0,2112,68363,"D","12/22/2007 00:00:00",,"","Vehicle/Towed Trailer",999999
200712,27,0,2110,68446,"D","12/27/2007 00:00:00",19,"F","Vehicle/Towed Trailer",999999
200712,27,0,2113,68491,"I","12/27/2007 00:00:00",16,"M","Vehicle/Towed Trailer",999999
200706,8,0,2121,68758,"D","06/08/2007 00:00:00",66,"M","Outside/Open Areas",999999
200712,15,0,2124,68914,"D","12/15/2007 00:00:00",42,"M","Vehicle/Towed Trailer",999999
200712,13,0,2130,69067,"I","12/13/2007 00:00:00",83,"F","Vehicle/Towed Trailer",999999
200712,8,0,2132,69149,"I","12/08/2007 00:00:00",35,"F","Vehicle/Towed Trailer",999999
200712,8,0,2133,69155,"I","12/08/2007 00:00:00",41,"M","Vehicle/Towed Trailer",999999
200712,16,0,2136,69205,"I","12/16/2007 00:00:00",28,"M","Vehicle/Towed Trailer",999999
200712,15,0,2135,69242,"I","12/15/2007 00:00:00",45,"F","Vehicle/Towed Trailer",999999
200712,23,0,2138,69362,"D","12/23/2007 00:00:00",30,"M","Outside/Open Areas",999999
200712,25,0,2141,69491,"D","12/25/2007 00:00:00",53,"M","Outside/Open Areas",999999
200712,31,0,2142,69700,"D","12/31/2007 00:00:00",41,"M","Outside/Open Areas",999999
200712,18,0,2145,69984,"I","12/18/2007 00:00:00",48,"M","Under Tree",999999
200712,1,0,2152,70202,"I","12/01/2007 00:00:00",37,"M","Unknown",999999
200712,1,0,2153,70204,"I","12/01/2007 00:00:00",,"","Vehicle/Towed Trailer",999999
200712,1,0,2154,70204,"I","12/01/2007 00:00:00",,"","Vehicle/Towed Trailer",999999
200712,1,0,2155,70204,"I","12/01/2007 00:00:00",,"","Vehicle/Towed Trailer",999999
200712,4,0,2228,70234,"I","12/04/2007 00:00:00",41,"F","Vehicle/Towed Trailer",999999
200712,31,0,2157,70377,"I","12/31/2007 00:00:00",31,"M","Vehicle/Towed Trailer",999999
200712,20,0,2269,70557,"I","12/20/2007 00:00:00",20,"M","Vehicle/Towed Trailer",999999
200712,20,0,2270,70557,"I","12/20/2007 00:00:00",22,"M","Vehicle/Towed Trailer",999999
200712,21,0,2271,70559,"I","12/21/2007 00:00:00",24,"F","Vehicle/Towed Trailer",999999
200712,21,0,2273,70560,"I","12/21/2007 00:00:00",26,"M","Vehicle/Towed Trailer",999999
200712,4,0,2176,70969,"D","12/04/2007 00:00:00",52,"M","Outside/Open Areas",999999
200712,18,0,2219,70993,"I","12/18/2007 00:00:00",54,"M","Vehicle/Towed Trailer",999999
200712,8,0,2199,71084,"I","12/08/2007 00:00:00",67,"F","Vehicle/Towed Trailer",999999
200712,20,0,2194,71103,"I","12/20/2007 00:00:00",89,"F","Permanent Home",999999
200712,20,0,2195,71103,"I","12/20/2007 00:00:00",63,"M","Permanent Home",999999
200712,20,0,2196,71103,"I","12/20/2007 00:00:00",61,"F","Permanent Home",999999
200712,25,0,2200,71112,"I","12/25/2007 00:00:00",71,"M","Vehicle/Towed Trailer",999999
200712,8,0,2198,71141,"I","12/08/2007 00:00:00",59,"M","Vehicle/Towed Trailer",999999
200712,13,0,2207,71627,"I","12/13/2007 00:00:00",23,"F","Vehicle/Towed Trailer",999999
200712,31,0,2274,72044,"I","12/31/2007 00:00:00",17,"F","Vehicle/Towed Trailer",999999
200712,31,0,2275,72045,"I","12/31/2007 00:00:00",48,"F","Vehicle/Towed Trailer",999999
200712,31,0,2276,72045,"I","12/31/2007 00:00:00",8,"F","Vehicle/Towed Trailer",999999
200712,3,0,3531,72112,"I","12/03/2007 00:00:00",,"F","Permanent Home",999999
200712,3,0,29324,72159,"D","12/03/2007 00:00:00",54,"F","In Water",999999
200712,3,0,2227,72166,"D","12/03/2007 00:00:00",54,"M","In Water",999999
200712,7,0,3481,72596,"I","12/07/2007 00:00:00",27,"M","Vehicle/Towed Trailer",999999
200703,22,0,910,21469,"D","03/22/2007 00:00:00",55,"M","In Water",999999
200703,22,0,909,21470,"D","03/22/2007 00:00:00",47,"M","In Water",999999
200705,14,0,1357,21475,"D","05/14/2007 00:00:00",2,"M","Outside/Open Areas",999999
200703,28,0,1850,21744,"D","03/28/2007 00:00:00",59,"M","Permanent Home",999999
200703,28,0,1851,21744,"D","03/28/2007 00:00:00",59,"F","Permanent Home",999999
200703,28,0,921,21760,"D","03/28/2007 00:00:00",53,"M","Mobile/Trailer Home",999999
200704,2,0,2367,22036,"I","04/02/2007 00:00:00",20,"M","Vehicle/Towed Trailer",999999
200703,1,0,1175,22275,"D","03/01/2007 00:00:00",9,"F","Mobile/Trailer Home",999999
200703,1,0,1176,22275,"D","03/01/2007 00:00:00",,"M","Mobile/Trailer Home",999999
200703,1,0,1177,22275,"D","03/01/2007 00:00:00",,"F","Mobile/Trailer Home",999999
200703,1,0,1178,22275,"D","03/01/2007 00:00:00",41,"M","Mobile/Trailer Home",999999
200703,1,0,1179,22275,"D","03/01/2007 00:00:00",,"F","Mobile/Trailer Home",999999
200703,1,0,1180,22275,"D","03/01/2007 00:00:00",13,"F","Mobile/Trailer Home",999999
200703,29,0,1059,22284,"D","03/29/2007 00:00:00",29,"F","Mobile/Trailer Home",999999
200703,26,0,1060,22284,"D","04/26/2007 00:00:00",76,"F","Permanent Home",999999
200703,22,0,945,22302,"D","03/22/2007 00:00:00",63,"M","Boating",999999
200703,22,0,946,22302,"D","03/22/2007 00:00:00",58,"M","Boating",999999
200703,22,0,947,22302,"D","03/22/2007 00:00:00",,"M","Boating",999999
200703,11,0,949,22331,"D","03/11/2007 00:00:00",52,"F","Vehicle/Towed Trailer",999999
200703,12,0,952,22340,"D","03/12/2007 00:00:00",24,"F","Vehicle/Towed Trailer",999999
200703,12,0,2066,22341,"D","03/12/2007 00:00:00",49,"M","Vehicle/Towed Trailer",999999
200703,13,0,953,22372,"D","03/13/2007 00:00:00",80,"M","Vehicle/Towed Trailer",999999
200705,18,0,3955,22377,"D","05/18/2007 00:00:00",50,"M","Boating",999999
200703,1,0,1189,22399,"D","03/01/2007 00:00:00",83,"F","Permanent Home",999999
200703,1,0,1181,22399,"D","03/01/2007 00:00:00",16,"M","School",999999
200703,1,0,1182,22399,"D","03/01/2007 00:00:00",16,"M","School",999999
200703,1,0,1183,22399,"D","03/01/2007 00:00:00",17,"F","School",999999
200703,1,0,1184,22399,"D","03/01/2007 00:00:00",16,"F","School",999999
200703,1,0,1185,22399,"D","03/01/2007 00:00:00",17,"M","School",999999
200703,1,0,1186,22399,"D","03/01/2007 00:00:00",16,"F","School",999999
200703,1,0,1187,22399,"D","03/01/2007 00:00:00",16,"M","School",999999
200703,1,0,1188,22399,"D","03/01/2007 00:00:00",17,"M","School",999999
200703,27,0,1013,22681,"D","03/27/2007 00:00:00",26,"M","In Water",999999
200703,30,0,1014,22726,"D","03/30/2007 00:00:00",2,"M","In Water",999999
200703,13,0,2412,22961,"I","03/13/2007 00:00:00",59,"F","Vehicle/Towed Trailer",999999
200703,13,0,2413,22961,"I","03/13/2007 00:00:00",68,"F","Vehicle/Towed Trailer",999999
200703,13,0,2414,22961,"I","03/13/2007 00:00:00",67,"M","Vehicle/Towed Trailer",999999
200703,13,0,2415,22961,"I","03/13/2007 00:00:00",41,"M","Vehicle/Towed Trailer",999999
200703,13,0,2416,22961,"I","03/13/2007 00:00:00",50,"F","Vehicle/Towed Trailer",999999
200703,27,0,1030,22983,"D","03/27/2007 00:00:00",69,"M","In Water",999999
200703,13,0,1041,22991,"D","03/13/2007 00:00:00",32,"M","Outside/Open Areas",999999
200703,13,0,1042,22991,"D","03/13/2007 00:00:00",35,"M","Outside/Open Areas",999999
200703,1,0,1080,23038,"D","03/01/2007 00:00:00",7,"F","Mobile/Trailer Home",999999
200705,5,0,2007,23136,"D","05/05/2007 00:00:00",35,"M","In Water",999999
200705,12,0,2008,23137,"D","05/12/2007 00:00:00",22,"M","In Water",999999
200704,25,0,1061,23488,"D","04/25/2007 00:00:00",,"","Boating",999999
200704,10,0,1100,24650,"D","04/10/2007 00:00:00",53,"M","In Water",999999
200704,10,0,1101,24650,"D","04/10/2007 00:00:00",49,"F","In Water",999999
200704,13,0,1419,24686,"D","04/13/2007 00:00:00",40,"M","Outside/Open Areas",999999
200704,13,0,1108,25808,"I","04/13/2007 00:00:00",26,"F","Vehicle/Towed Trailer",999999
200704,13,0,1111,25810,"I","04/13/2007 00:00:00",54,"M","Vehicle/Towed Trailer",999999
200704,13,0,1110,25817,"I","04/13/2007 00:00:00",51,"M","Vehicle/Towed Trailer",999999
200704,29,0,1112,26122,"D","04/29/2007 00:00:00",25,"M","Outside/Open Areas",999999
200705,12,0,1123,26373,"I","05/12/2007 00:00:00",,"M","Outside/Open Areas",999999
200705,12,0,1124,26373,"I","05/12/2007 00:00:00",,"","Outside/Open Areas",999999
200705,11,0,1121,26380,"I","05/11/2007 00:00:00",20,"M","Outside/Open Areas",999999
200705,12,0,1122,26380,"I","05/12/2007 00:00:00",16,"M","Outside/Open Areas",999999
200704,15,0,1225,26687,"D","04/15/2007 00:00:00",52,"M","Vehicle/Towed Trailer",999999
200704,16,0,1194,26734,"D","04/16/2007 00:00:00",15,"F","In Water",999999
200705,27,0,1151,27013,"D","05/27/2007 00:00:00",26,"M","In Water",999999
200704,24,0,1168,27708,"D","04/24/2007 00:00:00",4,"F","Mobile/Trailer Home",999999
200704,24,0,1169,27708,"D","04/24/2007 00:00:00",44,"F","Mobile/Trailer Home",999999
200704,24,0,1170,27708,"D","04/24/2007 00:00:00",71,"F","Mobile/Trailer Home",999999
200704,24,0,1171,27708,"D","04/24/2007 00:00:00",74,"F","Mobile/Trailer Home",999999
200704,24,0,1172,27708,"D","04/24/2007 00:00:00",83,"F","Mobile/Trailer Home",999999
200704,24,0,1173,27708,"D","04/24/2007 00:00:00",19,"M","Mobile/Trailer Home",999999
200704,24,0,1174,27708,"D","04/24/2007 00:00:00",47,"M","Permanent Home",999999
200704,12,0,1193,27954,"D","04/12/2007 00:00:00",45,"M","Boating",999999
200704,7,0,1195,28918,"I","04/07/2007 00:00:00",54,"F","Vehicle/Towed Trailer",999999
200704,10,0,1196,29350,"D","04/10/2007 00:00:00",,"M","In Water",999999
200704,10,0,1197,29350,"D","04/10/2007 00:00:00",,"F","In Water",999999
200704,16,0,1217,29362,"D","04/16/2007 00:00:00",57,"M","Vehicle/Towed Trailer",999999
200704,16,0,1220,29418,"D","04/16/2007 00:00:00",90,"M","Permanent Structure",999999
200704,11,0,1205,29435,"I","04/11/2007 00:00:00",17,"M","Outside/Open Areas",999999
200704,15,0,1208,29602,"D","04/15/2007 00:00:00",43,"","Vehicle/Towed Trailer",999999
200704,15,0,1206,29673,"D","04/15/2007 00:00:00",79,"M","Unknown",999999
200704,16,0,1211,29872,"D","04/16/2007 00:00:00",5,"F","Outside/Open Areas",999999
200704,4,0,1212,29996,"I","04/04/2007 00:00:00",19,"M","Vehicle/Towed Trailer",999999
200704,16,0,1218,30069,"D","04/16/2007 00:00:00",,"","Unknown",999999
200704,16,0,1219,30069,"D","04/16/2007 00:00:00",,"","Unknown",999999
200704,15,0,1221,30442,"I","04/15/2007 00:00:00",27,"F","Vehicle/Towed Trailer",999999
200704,15,0,1222,30442,"I","04/15/2007 00:00:00",57,"F","Vehicle/Towed Trailer",999999
200706,29,0,1987,31304,"D","06/29/2007 00:00:00",63,"M","Outside/Open Areas",999999
200706,29,0,1988,31304,"D","06/29/2007 00:00:00",43,"M","Outside/Open Areas",999999
200706,29,0,1989,31304,"D","06/29/2007 00:00:00",75,"M","Outside/Open Areas",999999
200705,1,0,1518,31309,"D","05/01/2007 00:00:00",23,"M","Outside/Open Areas",999999
200705,2,0,1314,31321,"D","05/02/2007 00:00:00",80,"F","Vehicle/Towed Trailer",999999
200706,9,0,1512,31411,"D","06/09/2007 00:00:00",14,"M","Outside/Open Areas",999999
200705,2,0,1351,31738,"D","05/02/2007 00:00:00",28,"F","Outside/Open Areas",999999
200706,27,0,1517,31773,"D","06/27/2007 00:00:00",18,"F","Under Tree",999999
200705,13,0,1233,32064,"I","05/13/2007 00:00:00",84,"F","Business",999999
200707,11,0,1695,32340,"I","07/11/2007 00:00:00",,"M","Business",999999
200707,11,0,1696,32340,"I","07/11/2007 00:00:00",,"M","Business",999999
200707,11,0,1697,32340,"I","07/11/2007 00:00:00",,"","Business",999999
200707,11,0,1698,32340,"I","07/11/2007 00:00:00",,"","Business",999999
200707,11,0,1699,32340,"D","07/11/2007 00:00:00",40,"M","Outside/Open Areas",999999
200705,24,0,1286,32626,"D","05/24/2007 00:00:00",20,"M","In Water",999999
200705,24,0,1287,32626,"D","05/24/2007 00:00:00",5,"M","Vehicle/Towed Trailer",999999
200705,24,0,1288,32626,"D","05/24/2007 00:00:00",6,"M","Vehicle/Towed Trailer",999999
200705,24,0,1289,32626,"D","05/24/2007 00:00:00",48,"M","Vehicle/Towed Trailer",999999
200705,24,0,1290,32627,"D","05/24/2007 00:00:00",75,"M","In Water",999999
200705,24,0,1291,32627,"D","05/24/2007 00:00:00",73,"F","In Water",999999
200706,19,0,1239,32836,"D","06/19/2007 00:00:00",24,"M","Outside/Open Areas",999999
200705,15,0,1294,33226,"D","05/15/2007 00:00:00",71,"M","Vehicle/Towed Trailer",999999
200705,7,0,1279,33250,"D","05/07/2007 00:00:00",21,"M","In Water",999999
200705,26,0,1280,33262,"D","05/26/2007 00:00:00",43,"M","In Water",999999
200705,27,0,1281,33267,"D","05/27/2007 00:00:00",31,"M","In Water",999999
200705,8,0,2006,33298,"D","05/08/2007 00:00:00",27,"M","In Water",999999
200705,2,0,1258,33322,"D","05/02/2007 00:00:00",75,"F","Vehicle/Towed Trailer",999999
200705,2,0,1259,33322,"D","05/02/2007 00:00:00",82,"M","Vehicle/Towed Trailer",999999
200705,3,0,1260,33323,"D","05/03/2007 00:00:00",6,"F","Vehicle/Towed Trailer",999999
200705,3,0,1261,33333,"D","05/03/2007 00:00:00",57,"F","Vehicle/Towed Trailer",999999
200705,24,0,1262,33364,"D","05/24/2007 00:00:00",21,"M","Vehicle/Towed Trailer",999999
200706,24,0,1428,34158,"D","06/24/2007 00:00:00",47,"M","Outside/Open Areas",999999
200705,5,0,1344,34211,"D","05/05/2007 00:00:00",54,"F","Vehicle/Towed Trailer",999999
200707,4,0,1284,34717,"D","07/04/2007 00:00:00",32,"F","Boating",999999
200705,19,0,1285,34734,"D","05/19/2007 00:00:00",24,"M","Long Span Roof",999999
200705,29,0,1316,34841,"D","05/29/2007 00:00:00",28,"M","Boating",999999
200705,29,0,1315,34841,"D","05/29/2007 00:00:00",16,"F","In Water",999999
200703,2,0,1306,35284,"D","03/02/2007 00:00:00",66,"F","Outside/Open Areas",999999
200705,28,0,1359,35434,"D","05/28/2007 00:00:00",18,"M","In Water",999999
200705,27,0,1309,35453,"D","05/27/2007 00:00:00",32,"M","In Water",999999
200705,28,0,1311,35456,"D","05/28/2007 00:00:00",18,"M","In Water",999999
200705,30,0,1312,35457,"D","05/30/2007 00:00:00",56,"M","In Water",999999
200705,4,0,1869,35937,"D","05/04/2007 00:00:00",58,"M","Unknown",999999
200705,4,0,1877,35937,"D","05/04/2007 00:00:00",63,"M","In Water",999999
200705,4,0,1874,35937,"D","05/04/2007 00:00:00",79,"M","Mobile/Trailer Home",999999
200705,4,0,1870,35937,"D","05/04/2007 00:00:00",77,"M","Permanent Home",999999
200705,4,0,1871,35937,"D","05/04/2007 00:00:00",76,"F","Permanent Home",999999
200705,4,0,1872,35937,"D","05/04/2007 00:00:00",49,"M","Permanent Home",999999
200705,4,0,1873,35937,"D","05/04/2007 00:00:00",72,"F","Permanent Home",999999
200705,4,0,1875,35937,"D","05/04/2007 00:00:00",52,"M","Permanent Home",999999
200705,4,0,1876,35937,"D","05/04/2007 00:00:00",78,"F","Permanent Home",999999
200705,5,0,1878,35937,"D","05/05/2007 00:00:00",52,"F","Permanent Home",999999
200705,19,0,1879,35937,"D","09/19/2007 00:00:00",77,"M","Permanent Home",999999
200705,4,0,1337,36001,"D","05/04/2007 00:00:00",84,"M","Permanent Home",999999
200705,7,0,1338,36003,"D","05/07/2007 00:00:00",46,"M","Vehicle/Towed Trailer",999999
200705,31,0,1339,36291,"D","05/31/2007 00:00:00",31,"M","In Water",999999
200706,1,0,1340,36348,"D","06/01/2007 00:00:00",27,"M","In Water",999999
200706,6,0,1341,36845,"D","06/06/2007 00:00:00",45,"F","In Water",999999
200705,25,0,1343,36914,"D","05/25/2007 00:00:00",,"M","In Water",999999
200706,18,0,1464,36984,"D","06/18/2007 00:00:00",4,"F","In Water",999999
200706,18,0,1436,37054,"D","06/18/2007 00:00:00",5,"F","Vehicle/Towed Trailer",999999
200706,18,0,1437,37054,"D","06/18/2007 00:00:00",60,"F","Vehicle/Towed Trailer",999999
200706,18,0,1438,37054,"D","06/18/2007 00:00:00",2,"F","Vehicle/Towed Trailer",999999
200706,21,0,1360,37068,"D","06/21/2007 00:00:00",41,"M","Under Tree",999999
200705,9,0,20404,37079,"D","05/09/2007 00:00:00",32,"M","In Water",999999
200707,20,0,1347,37108,"I","07/20/2007 00:00:00",,"M","Vehicle/Towed Trailer",999999
200706,10,0,1352,37247,"D","06/10/2007 00:00:00",8,"M","Vehicle/Towed Trailer",999999
200706,10,0,1353,37247,"D","06/10/2007 00:00:00",11,"M","Vehicle/Towed Trailer",999999
200704,3,0,1354,37482,"D","04/03/2007 00:00:00",15,"M","In Water",999999
200705,2,0,1355,37491,"D","05/02/2007 00:00:00",55,"M","Outside/Open Areas",999999
200706,27,0,1356,37564,"D","06/27/2007 00:00:00",17,"M","Outside/Open Areas",999999
200706,26,0,1477,37838,"D","06/26/2007 00:00:00",13,"M","In Water",999999
200707,25,0,1363,38087,"I","07/25/2007 00:00:00",1,"M","Vehicle/Towed Trailer",999999
200706,18,0,1434,38305,"D","06/18/2007 00:00:00",48,"F","Vehicle/Towed Trailer",999999
200706,18,0,1435,38305,"D","06/18/2007 00:00:00",74,"M","Vehicle/Towed Trailer",999999
200707,1,0,1412,38327,"D","07/01/2007 00:00:00",49,"M","In Water",999999
200707,4,0,1413,38328,"D","07/04/2007 00:00:00",,"M","In Water",999999
200706,3,0,1414,38378,"D","06/03/2007 00:00:00",,"F","Under Tree",999999
200706,26,0,1421,38550,"D","06/26/2007 00:00:00",71,"M","Outside/Open Areas",999999
200707,24,0,1424,38690,"D","07/24/2007 00:00:00",67,"M","Vehicle/Towed Trailer",999999
200707,24,0,1425,38690,"D","07/24/2007 00:00:00",45,"M","Vehicle/Towed Trailer",999999
200708,12,0,1452,40239,"D","08/12/2007 00:00:00",44,"M","Outside/Open Areas",999999
200708,13,0,1454,40239,"D","08/13/2007 00:00:00",52,"M","Outside/Open Areas",999999
200708,12,0,1453,40239,"D","08/12/2007 00:00:00",57,"M","Permanent Home",999999
200707,24,0,1432,40275,"D","07/24/2007 00:00:00",16,"M","Outside/Open Areas",999999
200706,29,0,1485,41025,"D","06/29/2007 00:00:00",43,"M","Outside/Open Areas",999999
200706,29,0,1486,41025,"D","06/29/2007 00:00:00",63,"M","Outside/Open Areas",999999
200706,29,0,1487,41025,"D","06/29/2007 00:00:00",75,"M","Outside/Open Areas",999999
200706,27,0,1572,41708,"D","06/27/2007 00:00:00",68,"M","Under Tree",999999
200706,7,0,1456,41734,"D","06/07/2007 00:00:00",65,"M","In Water",999999
200706,7,0,1458,41736,"D","06/07/2007 00:00:00",43,"F","In Water",999999
200706,27,0,1457,41738,"D","06/27/2007 00:00:00",21,"M","In Water",999999
200707,31,0,1447,42115,"D","07/31/2007 00:00:00",60,"M","Vehicle/Towed Trailer",999999
200706,26,0,1448,42194,"D","06/26/2007 00:00:00",57,"F","Outside/Open Areas",999999
200708,15,0,1455,42647,"D","08/15/2007 00:00:00",48,"M","Outside/Open Areas",999999
200707,1,0,2103,42748,"D","07/01/2007 00:00:00",,"M","Outside/Open Areas",999999
200706,30,0,1461,42858,"D","06/30/2007 00:00:00",23,"M","Under Tree",999999
200706,27,0,1462,42894,"D","06/27/2007 00:00:00",20,"M","Vehicle/Towed Trailer",999999
200706,27,0,1463,42894,"D","06/27/2007 00:00:00",20,"M","Vehicle/Towed Trailer",999999
200706,19,0,1465,43086,"D","06/19/2007 00:00:00",,"M","Under Tree",999999
200706,25,0,1466,43149,"D","06/25/2007 00:00:00",27,"M","Permanent Home",999999
200706,13,0,1508,43305,"D","06/13/2007 00:00:00",35,"M","Vehicle/Towed Trailer",999999
200706,16,0,1494,43766,"D","06/16/2007 00:00:00",23,"F","In Water",999999
200707,4,0,1471,43838,"D","07/04/2007 00:00:00",74,"M","Vehicle/Towed Trailer",999999
200706,19,0,1504,43944,"D","06/19/2007 00:00:00",81,"M","Permanent Home",999999
200706,19,0,1505,43944,"D","06/19/2007 00:00:00",79,"F","Permanent Home",999999
200706,19,0,1507,43944,"D","06/19/2007 00:00:00",,"F","Permanent Home",999999
200706,19,0,1506,43944,"D","06/19/2007 00:00:00",74,"F","Vehicle/Towed Trailer",999999
200706,14,0,1472,43967,"D","06/14/2007 00:00:00",64,"F","Permanent Home",999999
200706,17,0,1473,43967,"D","06/17/2007 00:00:00",55,"M","Permanent Home",999999
200706,18,0,1474,43967,"D","06/18/2007 00:00:00",83,"F","Permanent Home",999999
200706,18,0,1475,43967,"D","06/18/2007 00:00:00",60,"F","Permanent Home",999999
200706,12,0,1589,44463,"D","06/12/2007 00:00:00",66,"M","Vehicle/Towed Trailer",999999
200706,7,0,1480,44783,"D","06/07/2007 00:00:00",19,"M","In Water",999999
200706,4,0,1488,45516,"I","06/04/2007 00:00:00",,"M","Vehicle/Towed Trailer",999999
